page	feuille	type	detail
carnet1-page001	jour0-time	repli-paragraphe-entier	{"quality":"0.25"}
carnet1-page001	jour1-time	repli-paragraphe-entier	{"quality":"0.25"}
carnet1-page001	jour2-time	repli-paragraphe-entier	{"quality":"0.25"}
carnet1-page001	jour2-p1	repli-paragraphe-entier	{"quality":"0.00"}
carnet1-page001	jour2-p2	repli-paragraphe-entier	{"quality":"0.00"}
carnet1-page001	jour3-time	repli-paragraphe-entier	{"quality":"0.25"}
carnet1-page001	jour3-p2	repli-paragraphe-entier	{"quality":"0.00"}
carnet1-page001	jour4-p1	repli-paragraphe-entier	{"quality":"0.00"}
carnet1-page001	jour5-time	repli-paragraphe-entier	{"quality":"0.25"}
carnet1-page002	jour0-table1-r4c1	repli-paragraphe-entier	{"quality":"0.00"}
carnet1-page002	jour1-time	repli-paragraphe-entier	{"quality":"0.25"}
carnet1-page002	jour1-p4	repli-paragraphe-entier	{"quality":"0.00"}
carnet1-page002	jour1-p6	repli-paragraphe-entier	{"quality":"0.25"}
carnet1-page002	jour2-p1	repli-paragraphe-entier	{"quality":"0.00"}
carnet1-page002	jour2-p3	repli-paragraphe-entier	{"quality":"0.00"}
carnet1-page002	jour3-p1	repli-paragraphe-entier	{"quality":"0.00"}
carnet1-page002	jour3-p3	repli-paragraphe-entier	{"quality":"0.00"}
carnet1-page003	jour6-table1-r2c0	repli-paragraphe-entier	{"quality":"0.00"}
carnet1-page004	jour4-p2	repli-paragraphe-entier	{"quality":"0.00"}
carnet1-page004	jour4-p4	repli-paragraphe-entier	{"quality":"0.00"}
carnet1-page004	jour5-p2	repli-paragraphe-entier	{"quality":"0.00"}
carnet1-page004	jour6	nombre-different-enfants-jour	{"edition":8,"transcription":10}
carnet1-page004	jour6-table8	nombre-different-lignes-table	{"edition":0,"transcription":4}
carnet1-page004	jour6-table8-r0c0	edition-absente	{}
carnet1-page004	jour6-table8-r1c0	edition-absente	{}
carnet1-page004	jour6-table8-r2c0	edition-absente	{}
carnet1-page004	jour6-table8-r3c0	edition-absente	{}
carnet1-page004	jour6-table8-r3c1	edition-absente	{}
carnet1-page004	jour6-p9	edition-absente	{}
carnet1-page005	jour0-p2	repli-paragraphe-entier	{"quality":"0.00"}
carnet1-page005	jour2-p2	repli-paragraphe-entier	{"quality":"0.00"}
carnet1-page005	jour4-table1-r1c1	repli-paragraphe-entier	{"quality":"0.00"}
carnet1-page005	jour4-table1-r3c1	repli-paragraphe-entier	{"quality":"0.00"}
carnet1-page005	jour7-p2	repli-paragraphe-entier	{"quality":"0.00"}
carnet1-page006	jour4-p1	repli-paragraphe-entier	{"quality":"0.29"}
carnet1-page006	jour5-p1	repli-paragraphe-entier	{"quality":"0.00"}
carnet1-page007	jour0-p1	repli-paragraphe-entier	{"quality":"0.00"}
carnet1-page007	jour1-p1	repli-paragraphe-entier	{"quality":"0.00"}
carnet1-page007	jour6-p2	repli-paragraphe-entier	{"quality":"0.00"}
carnet1-page008	jour1-p2	repli-paragraphe-entier	{"quality":"0.00"}
carnet1-page008	jour1-table4-r0c0	repli-paragraphe-entier	{"quality":"0.00"}
carnet1-page008	jour1-table4-r1c0	repli-paragraphe-entier	{"quality":"0.00"}
carnet1-page008	jour5-p1	repli-paragraphe-entier	{"quality":"0.00"}
carnet1-page009	jour0-p2	repli-paragraphe-entier	{"quality":"0.00"}
carnet1-page009	jour1-p1	repli-paragraphe-entier	{"quality":"0.00"}
carnet1-page009	jour2-p1	repli-paragraphe-entier	{"quality":"0.00"}
carnet1-page009	jour6-p1	repli-paragraphe-entier	{"quality":"0.00"}
carnet1-page009	jour6-p2	repli-paragraphe-entier	{"quality":"0.00"}
carnet1-page010	jour2-p1	repli-paragraphe-entier	{"quality":"0.00"}
carnet1-page010	jour3-p1	repli-paragraphe-entier	{"quality":"0.00"}
carnet1-page010	jour3-p2	repli-paragraphe-entier	{"quality":"0.00"}
carnet1-page011	jour0-p2	repli-paragraphe-entier	{"quality":"0.13"}
carnet1-page011	jour3-p1	repli-paragraphe-entier	{"quality":"0.00"}
carnet1-page011	jour3-p2	repli-paragraphe-entier	{"quality":"0.00"}
carnet1-page011	jour3-p3	repli-paragraphe-entier	{"quality":"0.00"}
carnet1-page018	jour0-p1	repli-paragraphe-entier	{"quality":"0.00"}
carnet1-page023	jour5-x1	repli-paragraphe-entier	{"quality":"0.00"}
carnet1-page025	jour1-table1-r1c1	repli-paragraphe-entier	{"quality":"0.00"}
carnet1-page031	jour1-p1	repli-paragraphe-entier	{"quality":"0.00"}
carnet1-page032	jour4-p5	repli-paragraphe-entier	{"quality":"0.00"}
carnet1-page036	jour4-x1	repli-paragraphe-entier	{"quality":"0.00"}
carnet1-page036	jour4-p2	repli-paragraphe-entier	{"quality":"0.00"}
carnet1-page036	jour6-p2	repli-paragraphe-entier	{"quality":"0.00"}
carnet1-page036	jour6-p4	repli-paragraphe-entier	{"quality":"0.00"}
carnet1-page037	jour2-p1	repli-paragraphe-entier	{"quality":"0.00"}
carnet1-page037	jour3-p1	repli-paragraphe-entier	{"quality":"0.00"}
carnet1-page045	jour3-p2	repli-paragraphe-entier	{"quality":"0.22"}
carnet1-page045	jour8-p2	repli-paragraphe-entier	{"quality":"0.00"}
carnet1-page046	jour9-p2	repli-paragraphe-entier	{"quality":"0.00"}
carnet1-page047	jour0-table2-r0c1	repli-paragraphe-entier	{"quality":"0.00"}
carnet1-page047	jour0-table2-r4c1	repli-paragraphe-entier	{"quality":"0.00"}
carnet1-page049	jour2-x1	repli-paragraphe-entier	{"quality":"0.00"}
carnet1-page049	jour2-x2	repli-paragraphe-entier	{"quality":"0.00"}
carnet1-page049	jour3-p2	repli-paragraphe-entier	{"quality":"0.00"}
carnet1-page050	jour13-table2-r0c1	repli-paragraphe-entier	{"quality":"0.00"}
carnet1-page057	jour0-p1	repli-paragraphe-entier	{"quality":"0.00"}
carnet1-page059	jour9-p1	repli-paragraphe-entier	{"quality":"0.33"}
carnet1-page059	jour10-p1	repli-paragraphe-entier	{"quality":"0.33"}
carnet1-page060	jour3-p1	repli-paragraphe-entier	{"quality":"0.00"}
carnet1-page060	jour5-p1	repli-paragraphe-entier	{"quality":"0.00"}
carnet1-page060	jour5-p2	repli-paragraphe-entier	{"quality":"0.00"}
carnet1-page060	jour7-p1	repli-paragraphe-entier	{"quality":"0.00"}
carnet1-page072	jour4-p1	repli-paragraphe-entier	{"quality":"0.00"}
carnet1-page074	jour1-p1	repli-paragraphe-entier	{"quality":"0.00"}
carnet2-page002	jours	nombre-different	{"edition":1,"transcription":0}
carnet2-page002	jour0	nombre-different-enfants-jour	{"edition":1,"transcription":0}
carnet2-page002	jour0-p0	transcription-absente	{}
carnet2-page003	jour4-p1	repli-paragraphe-entier	{"quality":"0.00"}
carnet2-page004	jour0-p5	repli-paragraphe-entier	{"quality":"0.00"}
carnet2-page005	jour1	nombre-different-enfants-jour	{"edition":8,"transcription":48}
carnet2-page005	jour1-x1	repli-paragraphe-entier	{"quality":"0.20"}
carnet2-page005	jour1-x3	repli-paragraphe-entier	{"quality":"0.00"}
carnet2-page005	jour1-x5	repli-paragraphe-entier	{"quality":"0.00"}
carnet2-page005	jour1-x7	repli-paragraphe-entier	{"quality":"0.00"}
carnet2-page005	jour1-x8	edition-absente	{}
carnet2-page005	jour1-x9	edition-absente	{}
carnet2-page005	jour1-x10	edition-absente	{}
carnet2-page005	jour1-x11	edition-absente	{}
carnet2-page005	jour1-x12	edition-absente	{}
carnet2-page005	jour1-x13	edition-absente	{}
carnet2-page005	jour1-x14	edition-absente	{}
carnet2-page005	jour1-x15	edition-absente	{}
carnet2-page005	jour1-x16	edition-absente	{}
carnet2-page005	jour1-x17	edition-absente	{}
carnet2-page005	jour1-x18	edition-absente	{}
carnet2-page005	jour1-x19	edition-absente	{}
carnet2-page005	jour1-x20	edition-absente	{}
carnet2-page005	jour1-x21	edition-absente	{}
carnet2-page005	jour1-x22	edition-absente	{}
carnet2-page005	jour1-x23	edition-absente	{}
carnet2-page005	jour1-x24	edition-absente	{}
carnet2-page005	jour1-x25	edition-absente	{}
carnet2-page005	jour1-x26	edition-absente	{}
carnet2-page005	jour1-x27	edition-absente	{}
carnet2-page005	jour1-x28	edition-absente	{}
carnet2-page005	jour1-x29	edition-absente	{}
carnet2-page005	jour1-x30	edition-absente	{}
carnet2-page005	jour1-x31	edition-absente	{}
carnet2-page005	jour1-x32	edition-absente	{}
carnet2-page005	jour1-x33	edition-absente	{}
carnet2-page005	jour1-x34	edition-absente	{}
carnet2-page005	jour1-x35	edition-absente	{}
carnet2-page005	jour1-x36	edition-absente	{}
carnet2-page005	jour1-x37	edition-absente	{}
carnet2-page005	jour1-x38	edition-absente	{}
carnet2-page005	jour1-x39	edition-absente	{}
carnet2-page005	jour1-x40	edition-absente	{}
carnet2-page005	jour1-x41	edition-absente	{}
carnet2-page005	jour1-x42	edition-absente	{}
carnet2-page005	jour1-x43	edition-absente	{}
carnet2-page005	jour1-x44	edition-absente	{}
carnet2-page005	jour1-x45	edition-absente	{}
carnet2-page005	jour1-x46	edition-absente	{}
carnet2-page005	jour1-x47	edition-absente	{}
carnet2-page006	jour0	nombre-different-enfants-jour	{"edition":7,"transcription":9}
carnet2-page006	jour0-x6	repli-paragraphe-entier	{"quality":"0.00"}
carnet2-page006	jour0-x7	edition-absente	{}
carnet2-page006	jour0-x8	edition-absente	{}
carnet2-page006	jour6-p1	repli-paragraphe-entier	{"quality":"0.00"}
carnet2-page007	jour2	nombre-different-enfants-jour	{"edition":2,"transcription":4}
carnet2-page007	jour2-table2	nombre-different-lignes-table	{"edition":0,"transcription":1}
carnet2-page007	jour2-table2-r0c0	edition-absente	{}
carnet2-page007	jour2-table2-r0c1	edition-absente	{}
carnet2-page007	jour2-p3	edition-absente	{}
carnet2-page013	jour2-p1	repli-paragraphe-entier	{"quality":"0.00"}
carnet2-page015	jour1-p2	repli-paragraphe-entier	{"quality":"0.00"}
carnet2-page015	jour5-p1	repli-paragraphe-entier	{"quality":"0.38"}
carnet2-page016	jour1-p2	repli-paragraphe-entier	{"quality":"0.00"}
carnet2-page017	jour0-p1	repli-paragraphe-entier	{"quality":"0.00"}
carnet2-page020	jour1-p5	repli-paragraphe-entier	{"quality":"0.00"}
carnet2-page020	jour2-p1	repli-paragraphe-entier	{"quality":"0.00"}
carnet2-page021	jour3-p1	repli-paragraphe-entier	{"quality":"0.00"}
carnet2-page021	jour3-p2	repli-paragraphe-entier	{"quality":"0.00"}
carnet2-page021	jour4-p1	repli-paragraphe-entier	{"quality":"0.00"}
carnet2-page022	jour0-p1	repli-paragraphe-entier	{"quality":"0.00"}
carnet2-page023	jour1-p1	repli-paragraphe-entier	{"quality":"0.00"}
carnet2-page023	jour1-p2	repli-paragraphe-entier	{"quality":"0.00"}
carnet2-page024	jour2-p1	repli-paragraphe-entier	{"quality":"0.33"}
carnet2-page025	jour0-p1	repli-paragraphe-entier	{"quality":"0.00"}
carnet2-page028	jour1-time	repli-paragraphe-entier	{"quality":"0.25"}
carnet2-page028	jour2-p1	repli-paragraphe-entier	{"quality":"0.33"}
carnet2-page029	jour0-p1	repli-paragraphe-entier	{"quality":"0.00"}
carnet2-page029	jour2-p1	repli-paragraphe-entier	{"quality":"0.00"}
carnet2-page030	jour7-p2	repli-paragraphe-entier	{"quality":"0.00"}
carnet2-page031	jour0-p1	repli-paragraphe-entier	{"quality":"0.00"}
carnet2-page032	jour3-p2	repli-paragraphe-entier	{"quality":"0.00"}
carnet2-page035	jour1-p1	repli-paragraphe-entier	{"quality":"0.00"}
carnet2-page035	jour4-table3-r6c0	repli-paragraphe-entier	{"quality":"0.00"}
carnet2-page036	jour0-p3	repli-paragraphe-entier	{"quality":"0.00"}
passage01-page01	signed	repli-paragraphe-entier	{"quality":"0.00"}
passage05-page01	p0	repli-paragraphe-entier	{"quality":"0.00"}
passage05-page01	p1	repli-paragraphe-entier	{"quality":"0.00"}
passage06-page01	p1	repli-paragraphe-entier	{"quality":"0.13"}
passage06-page02	p3	repli-paragraphe-entier	{"quality":"0.12"}
passage31-page02	p3	repli-paragraphe-entier	{"quality":"0.37"}
passage37-page02	p9	repli-paragraphe-entier	{"quality":"0.00"}
passage37-page03	p0	repli-paragraphe-entier	{"quality":"0.00"}
lettre01-page01	authorExtraNote	repli-paragraphe-entier	{"quality":"0.00"}
lettre01-page01	salute	repli-paragraphe-entier	{"quality":"0.00"}
lettre02-page01	salute	repli-paragraphe-entier	{"quality":"0.00"}
lettre02-page04	p2	repli-paragraphe-entier	{"quality":"0.33"}
lettre03-page01	salute	repli-paragraphe-entier	{"quality":"0.00"}
lettre04-page01	salute	repli-paragraphe-entier	{"quality":"0.00"}
lettre05-page01	salute	repli-paragraphe-entier	{"quality":"0.00"}
lettre05-page03	paragraphes	nombre-different	{"edition":1,"transcription":0}
lettre05-page03	p0	transcription-absente	{}
lettre06-page01	salute	repli-paragraphe-entier	{"quality":"0.00"}
lettre07-page01	salute	repli-paragraphe-entier	{"quality":"0.00"}
lettre09-page01	p1	repli-paragraphe-entier	{"quality":"0.00"}
lettre09-page03	paragraphes	nombre-different	{"edition":1,"transcription":0}
lettre09-page03	p0	transcription-absente	{}
lettre10-page01	salute	repli-paragraphe-entier	{"quality":"0.00"}
lettre11-page01	salute	repli-paragraphe-entier	{"quality":"0.00"}
lettre12-page01	salute	repli-paragraphe-entier	{"quality":"0.00"}
lettre13-page01	salute	repli-paragraphe-entier	{"quality":"0.00"}
lettre13-page03	paragraphes	nombre-different	{"edition":1,"transcription":0}
lettre13-page03	p0	transcription-absente	{}
lettre13-page04	p0	repli-paragraphe-entier	{"quality":"0.33"}
lettre15-page01	salute	repli-paragraphe-entier	{"quality":"0.00"}
