path	url	bytes
index.html	http://elec.enc.sorbonne.fr/delescluze/	5902
le-projet/choix-editoriaux.html	http://elec.enc.sorbonne.fr/delescluze/le-projet/choix-editoriaux.html	7151
introduction/partie-1-1.html	http://elec.enc.sorbonne.fr/delescluze/introduction/partie-1-1.html	14041
ephemerides/carnet1-page001.html	http://elec.enc.sorbonne.fr/delescluze/ephemerides/carnet1-page001.html	30679
passages-rediges/passage01/page01.html	http://elec.enc.sorbonne.fr/delescluze/passages-rediges/passage01/page01.html	15706
lettres/lettre01/page01.html	http://elec.enc.sorbonne.fr/delescluze/lettres/lettre01/page01.html	18738
index-personnes/lettre-A.html	http://elec.enc.sorbonne.fr/delescluze/index-personnes/lettre-A.html	20899
sources-et-bibliographie.html	http://elec.enc.sorbonne.fr/delescluze/sources-et-bibliographie.html	130434
contact.html	http://elec.enc.sorbonne.fr/delescluze/contact.html	3548
credits.html	http://elec.enc.sorbonne.fr/delescluze/credits.html	4532
mentions-legales.html	http://elec.enc.sorbonne.fr/delescluze/mentions-legales.html	11056
index.html	http://elec.enc.sorbonne.fr/delescluze/index.html	5902
le-projet/choix-techniques.html	http://elec.enc.sorbonne.fr/delescluze/le-projet/choix-techniques.html	4441
introduction/partie-1-2.html	http://elec.enc.sorbonne.fr/delescluze/introduction/partie-1-2.html	14835
introduction/partie-1-3.html	http://elec.enc.sorbonne.fr/delescluze/introduction/partie-1-3.html	12010
introduction/partie-2-1.html	http://elec.enc.sorbonne.fr/delescluze/introduction/partie-2-1.html	16922
introduction/partie-2-2.html	http://elec.enc.sorbonne.fr/delescluze/introduction/partie-2-2.html	13287
introduction/partie-3-1.html	http://elec.enc.sorbonne.fr/delescluze/introduction/partie-3-1.html	11564
introduction/partie-3-2.html	http://elec.enc.sorbonne.fr/delescluze/introduction/partie-3-2.html	23553
introduction/partie-3-3.html	http://elec.enc.sorbonne.fr/delescluze/introduction/partie-3-3.html	13602
introduction/partie-3-4.html	http://elec.enc.sorbonne.fr/delescluze/introduction/partie-3-4.html	9152
introduction/partie-4-1.html	http://elec.enc.sorbonne.fr/delescluze/introduction/partie-4-1.html	17224
introduction/partie-4-2.html	http://elec.enc.sorbonne.fr/delescluze/introduction/partie-4-2.html	16407
introduction/partie-4-3.html	http://elec.enc.sorbonne.fr/delescluze/introduction/partie-4-3.html	20408
introduction/partie-4-4.html	http://elec.enc.sorbonne.fr/delescluze/introduction/partie-4-4.html	43243
introduction/partie-4-5.html	http://elec.enc.sorbonne.fr/delescluze/introduction/partie-4-5.html	10529
introduction/partie-4-6.html	http://elec.enc.sorbonne.fr/delescluze/introduction/partie-4-6.html	13126
index-personnes/lettre-D.html	http://elec.enc.sorbonne.fr/delescluze/index-personnes/lettre-D.html	50946
index-personnes/lettre-L.html	http://elec.enc.sorbonne.fr/delescluze/index-personnes/lettre-L.html	51285
index-personnes/lettre-G.html	http://elec.enc.sorbonne.fr/delescluze/index-personnes/lettre-G.html	30761
ephemerides/carnet1-page006.html	http://elec.enc.sorbonne.fr/delescluze/ephemerides/carnet1-page006.html	24156
ephemerides/carnet1-page009.html	http://elec.enc.sorbonne.fr/delescluze/ephemerides/carnet1-page009.html	29549
ephemerides/carnet1-page031.html	http://elec.enc.sorbonne.fr/delescluze/ephemerides/carnet1-page031.html	15444
ephemerides/carnet1-page037.html	http://elec.enc.sorbonne.fr/delescluze/ephemerides/carnet1-page037.html	25355
ephemerides/carnet1-page046.html	http://elec.enc.sorbonne.fr/delescluze/ephemerides/carnet1-page046.html	27762
ephemerides/carnet1-page051.html	http://elec.enc.sorbonne.fr/delescluze/ephemerides/carnet1-page051.html	13270
ephemerides/carnet1-page060.html	http://elec.enc.sorbonne.fr/delescluze/ephemerides/carnet1-page060.html	20117
ephemerides/carnet1-page074.html	http://elec.enc.sorbonne.fr/delescluze/ephemerides/carnet1-page074.html	24358
ephemerides/carnet2-page004.html	http://elec.enc.sorbonne.fr/delescluze/ephemerides/carnet2-page004.html	26514
ephemerides/carnet2-page011.html	http://elec.enc.sorbonne.fr/delescluze/ephemerides/carnet2-page011.html	27340
ephemerides/carnet2-page016.html	http://elec.enc.sorbonne.fr/delescluze/ephemerides/carnet2-page016.html	15219
ephemerides/carnet1-page002.html	http://elec.enc.sorbonne.fr/delescluze/ephemerides/carnet1-page002.html	27110
index-personnes/lettre-J.html	http://elec.enc.sorbonne.fr/delescluze/index-personnes/lettre-J.html	15346
index-personnes/lettre-M.html	http://elec.enc.sorbonne.fr/delescluze/index-personnes/lettre-M.html	34806
index-personnes/lettre-P.html	http://elec.enc.sorbonne.fr/delescluze/index-personnes/lettre-P.html	27432
passages-rediges/passage02/page01.html	http://elec.enc.sorbonne.fr/delescluze/passages-rediges/passage02/page01.html	16950
passages-rediges/passage03/page01.html	http://elec.enc.sorbonne.fr/delescluze/passages-rediges/passage03/page01.html	19180
passages-rediges/passage04/page01.html	http://elec.enc.sorbonne.fr/delescluze/passages-rediges/passage04/page01.html	23068
passages-rediges/passage05/page01.html	http://elec.enc.sorbonne.fr/delescluze/passages-rediges/passage05/page01.html	14348
passages-rediges/passage06/page01.html	http://elec.enc.sorbonne.fr/delescluze/passages-rediges/passage06/page01.html	19686
passages-rediges/passage07/page01.html	http://elec.enc.sorbonne.fr/delescluze/passages-rediges/passage07/page01.html	16621
passages-rediges/passage08/page01.html	http://elec.enc.sorbonne.fr/delescluze/passages-rediges/passage08/page01.html	14718
passages-rediges/passage09/page01.html	http://elec.enc.sorbonne.fr/delescluze/passages-rediges/passage09/page01.html	16270
passages-rediges/passage10/page01.html	http://elec.enc.sorbonne.fr/delescluze/passages-rediges/passage10/page01.html	14449
passages-rediges/passage11/page01.html	http://elec.enc.sorbonne.fr/delescluze/passages-rediges/passage11/page01.html	16033
passages-rediges/passage12/page01.html	http://elec.enc.sorbonne.fr/delescluze/passages-rediges/passage12/page01.html	14742
passages-rediges/passage13/page01.html	http://elec.enc.sorbonne.fr/delescluze/passages-rediges/passage13/page01.html	15557
passages-rediges/passage14/page01.html	http://elec.enc.sorbonne.fr/delescluze/passages-rediges/passage14/page01.html	17551
passages-rediges/passage15/page01.html	http://elec.enc.sorbonne.fr/delescluze/passages-rediges/passage15/page01.html	17723
passages-rediges/passage16/page01.html	http://elec.enc.sorbonne.fr/delescluze/passages-rediges/passage16/page01.html	14815
passages-rediges/passage17/page01.html	http://elec.enc.sorbonne.fr/delescluze/passages-rediges/passage17/page01.html	15793
passages-rediges/passage18/page01.html	http://elec.enc.sorbonne.fr/delescluze/passages-rediges/passage18/page01.html	14515
passages-rediges/passage19/page01.html	http://elec.enc.sorbonne.fr/delescluze/passages-rediges/passage19/page01.html	16651
passages-rediges/passage20/page01.html	http://elec.enc.sorbonne.fr/delescluze/passages-rediges/passage20/page01.html	15562
passages-rediges/passage21/page01.html	http://elec.enc.sorbonne.fr/delescluze/passages-rediges/passage21/page01.html	17253
passages-rediges/passage22/page01.html	http://elec.enc.sorbonne.fr/delescluze/passages-rediges/passage22/page01.html	16127
passages-rediges/passage23/page01.html	http://elec.enc.sorbonne.fr/delescluze/passages-rediges/passage23/page01.html	17259
passages-rediges/passage24/page01.html	http://elec.enc.sorbonne.fr/delescluze/passages-rediges/passage24/page01.html	19091
passages-rediges/passage25/page01.html	http://elec.enc.sorbonne.fr/delescluze/passages-rediges/passage25/page01.html	15785
passages-rediges/passage26/page01.html	http://elec.enc.sorbonne.fr/delescluze/passages-rediges/passage26/page01.html	15041
passages-rediges/passage27/page01.html	http://elec.enc.sorbonne.fr/delescluze/passages-rediges/passage27/page01.html	15336
passages-rediges/passage28/page01.html	http://elec.enc.sorbonne.fr/delescluze/passages-rediges/passage28/page01.html	16010
passages-rediges/passage29/page01.html	http://elec.enc.sorbonne.fr/delescluze/passages-rediges/passage29/page01.html	14787
passages-rediges/passage30/page01.html	http://elec.enc.sorbonne.fr/delescluze/passages-rediges/passage30/page01.html	15714
passages-rediges/passage31/page01.html	http://elec.enc.sorbonne.fr/delescluze/passages-rediges/passage31/page01.html	15594
passages-rediges/passage32/page01.html	http://elec.enc.sorbonne.fr/delescluze/passages-rediges/passage32/page01.html	15038
passages-rediges/passage33/page01.html	http://elec.enc.sorbonne.fr/delescluze/passages-rediges/passage33/page01.html	14031
passages-rediges/passage34/page01.html	http://elec.enc.sorbonne.fr/delescluze/passages-rediges/passage34/page01.html	14313
passages-rediges/passage35/page01.html	http://elec.enc.sorbonne.fr/delescluze/passages-rediges/passage35/page01.html	14095
passages-rediges/passage36/page01.html	http://elec.enc.sorbonne.fr/delescluze/passages-rediges/passage36/page01.html	15013
passages-rediges/passage37/page01.html	http://elec.enc.sorbonne.fr/delescluze/passages-rediges/passage37/page01.html	16315
passages-rediges/passage38/page01.html	http://elec.enc.sorbonne.fr/delescluze/passages-rediges/passage38/page01.html	15337
passages-rediges/passage39/page01.html	http://elec.enc.sorbonne.fr/delescluze/passages-rediges/passage39/page01.html	15734
lettres/lettre02/page01.html	http://elec.enc.sorbonne.fr/delescluze/lettres/lettre02/page01.html	17314
lettres/lettre01/page02.html	http://elec.enc.sorbonne.fr/delescluze/lettres/lettre01/page02.html	13355
lettres/lettre03/page01.html	http://elec.enc.sorbonne.fr/delescluze/lettres/lettre03/page01.html	14262
lettres/lettre04/page01.html	http://elec.enc.sorbonne.fr/delescluze/lettres/lettre04/page01.html	16067
lettres/lettre05/page01.html	http://elec.enc.sorbonne.fr/delescluze/lettres/lettre05/page01.html	14459
lettres/lettre06/page01.html	http://elec.enc.sorbonne.fr/delescluze/lettres/lettre06/page01.html	14053
lettres/lettre07/page01.html	http://elec.enc.sorbonne.fr/delescluze/lettres/lettre07/page01.html	19232
lettres/lettre08/page01.html	http://elec.enc.sorbonne.fr/delescluze/lettres/lettre08/page01.html	12472
lettres/lettre09/page01.html	http://elec.enc.sorbonne.fr/delescluze/lettres/lettre09/page01.html	13092
lettres/lettre10/page01.html	http://elec.enc.sorbonne.fr/delescluze/lettres/lettre10/page01.html	14568
lettres/lettre11/page01.html	http://elec.enc.sorbonne.fr/delescluze/lettres/lettre11/page01.html	14655
lettres/lettre12/page01.html	http://elec.enc.sorbonne.fr/delescluze/lettres/lettre12/page01.html	13761
lettres/lettre13/page01.html	http://elec.enc.sorbonne.fr/delescluze/lettres/lettre13/page01.html	14145
lettres/lettre14/page01.html	http://elec.enc.sorbonne.fr/delescluze/lettres/lettre14/page01.html	11678
lettres/lettre15/page01.html	http://elec.enc.sorbonne.fr/delescluze/lettres/lettre15/page01.html	17461
index-personnes/lettre-N.html	http://elec.enc.sorbonne.fr/delescluze/index-personnes/lettre-N.html	16144
index-personnes/lettre-B.html	http://elec.enc.sorbonne.fr/delescluze/index-personnes/lettre-B.html	43232
index-personnes/lettre-C.html	http://elec.enc.sorbonne.fr/delescluze/index-personnes/lettre-C.html	23783
index-personnes/lettre-E.html	http://elec.enc.sorbonne.fr/delescluze/index-personnes/lettre-E.html	6887
index-personnes/lettre-F.html	http://elec.enc.sorbonne.fr/delescluze/index-personnes/lettre-F.html	12127
index-personnes/lettre-H.html	http://elec.enc.sorbonne.fr/delescluze/index-personnes/lettre-H.html	11562
index-personnes/lettre-I.html	http://elec.enc.sorbonne.fr/delescluze/index-personnes/lettre-I.html	8467
index-personnes/lettre-Q.html	http://elec.enc.sorbonne.fr/delescluze/index-personnes/lettre-Q.html	6962
index-personnes/lettre-R.html	http://elec.enc.sorbonne.fr/delescluze/index-personnes/lettre-R.html	16382
index-personnes/lettre-S.html	http://elec.enc.sorbonne.fr/delescluze/index-personnes/lettre-S.html	13057
index-personnes/lettre-T.html	http://elec.enc.sorbonne.fr/delescluze/index-personnes/lettre-T.html	7093
index-personnes/lettre-V.html	http://elec.enc.sorbonne.fr/delescluze/index-personnes/lettre-V.html	15154
ephemerides/carnet1-page065.html	http://elec.enc.sorbonne.fr/delescluze/ephemerides/carnet1-page065.html	11312
ephemerides/carnet1-page067.html	http://elec.enc.sorbonne.fr/delescluze/ephemerides/carnet1-page067.html	11100
ephemerides/carnet1-page068.html	http://elec.enc.sorbonne.fr/delescluze/ephemerides/carnet1-page068.html	11357
ephemerides/carnet1-page069.html	http://elec.enc.sorbonne.fr/delescluze/ephemerides/carnet1-page069.html	11557
ephemerides/carnet1-page070.html	http://elec.enc.sorbonne.fr/delescluze/ephemerides/carnet1-page070.html	10492
ephemerides/carnet1-page071.html	http://elec.enc.sorbonne.fr/delescluze/ephemerides/carnet1-page071.html	13105
passages-rediges/passage21/page02.html	http://elec.enc.sorbonne.fr/delescluze/passages-rediges/passage21/page02.html	17746
passages-rediges/passage21/page04.html	http://elec.enc.sorbonne.fr/delescluze/passages-rediges/passage21/page04.html	17534
passages-rediges/passage21/page05.html	http://elec.enc.sorbonne.fr/delescluze/passages-rediges/passage21/page05.html	17767
passages-rediges/passage21/page06.html	http://elec.enc.sorbonne.fr/delescluze/passages-rediges/passage21/page06.html	17946
passages-rediges/passage21/page07.html	http://elec.enc.sorbonne.fr/delescluze/passages-rediges/passage21/page07.html	16920
passages-rediges/passage21/page08.html	http://elec.enc.sorbonne.fr/delescluze/passages-rediges/passage21/page08.html	19512
ephemerides/carnet2-page020.html	http://elec.enc.sorbonne.fr/delescluze/ephemerides/carnet2-page020.html	15767
ephemerides/carnet1-page050.html	http://elec.enc.sorbonne.fr/delescluze/ephemerides/carnet1-page050.html	21599
ephemerides/carnet1-page005.html	http://elec.enc.sorbonne.fr/delescluze/ephemerides/carnet1-page005.html	29874
ephemerides/carnet1-page004.html	http://elec.enc.sorbonne.fr/delescluze/ephemerides/carnet1-page004.html	24417
ephemerides/carnet1-page010.html	http://elec.enc.sorbonne.fr/delescluze/ephemerides/carnet1-page010.html	21618
ephemerides/carnet1-page034.html	http://elec.enc.sorbonne.fr/delescluze/ephemerides/carnet1-page034.html	20023
ephemerides/carnet1-page045.html	http://elec.enc.sorbonne.fr/delescluze/ephemerides/carnet1-page045.html	28476
ephemerides/carnet1-page063.html	http://elec.enc.sorbonne.fr/delescluze/ephemerides/carnet1-page063.html	12522
ephemerides/carnet1-page080.html	http://elec.enc.sorbonne.fr/delescluze/ephemerides/carnet1-page080.html	15689
ephemerides/carnet2-page006.html	http://elec.enc.sorbonne.fr/delescluze/ephemerides/carnet2-page006.html	24755
ephemerides/carnet2-page012.html	http://elec.enc.sorbonne.fr/delescluze/ephemerides/carnet2-page012.html	17740
ephemerides/carnet2-page015.html	http://elec.enc.sorbonne.fr/delescluze/ephemerides/carnet2-page015.html	23459
ephemerides/carnet2-page017.html	http://elec.enc.sorbonne.fr/delescluze/ephemerides/carnet2-page017.html	14003
ephemerides/carnet2-page021.html	http://elec.enc.sorbonne.fr/delescluze/ephemerides/carnet2-page021.html	17273
ephemerides/carnet2-page024.html	http://elec.enc.sorbonne.fr/delescluze/ephemerides/carnet2-page024.html	18380
ephemerides/carnet2-page025.html	http://elec.enc.sorbonne.fr/delescluze/ephemerides/carnet2-page025.html	17547
ephemerides/carnet2-page028.html	http://elec.enc.sorbonne.fr/delescluze/ephemerides/carnet2-page028.html	19031
ephemerides/carnet2-page029.html	http://elec.enc.sorbonne.fr/delescluze/ephemerides/carnet2-page029.html	15788
ephemerides/carnet2-page030.html	http://elec.enc.sorbonne.fr/delescluze/ephemerides/carnet2-page030.html	23387
ephemerides/carnet2-page032.html	http://elec.enc.sorbonne.fr/delescluze/ephemerides/carnet2-page032.html	22138
ephemerides/carnet1-page007.html	http://elec.enc.sorbonne.fr/delescluze/ephemerides/carnet1-page007.html	22762
ephemerides/carnet2-page037.html	http://elec.enc.sorbonne.fr/delescluze/ephemerides/carnet2-page037.html	8934
ephemerides/carnet1-page061.html	http://elec.enc.sorbonne.fr/delescluze/ephemerides/carnet1-page061.html	11690
ephemerides/carnet1-page011.html	http://elec.enc.sorbonne.fr/delescluze/ephemerides/carnet1-page011.html	25386
ephemerides/carnet1-page018.html	http://elec.enc.sorbonne.fr/delescluze/ephemerides/carnet1-page018.html	22893
ephemerides/carnet1-page019.html	http://elec.enc.sorbonne.fr/delescluze/ephemerides/carnet1-page019.html	14182
ephemerides/carnet1-page020.html	http://elec.enc.sorbonne.fr/delescluze/ephemerides/carnet1-page020.html	14257
ephemerides/carnet2-page013.html	http://elec.enc.sorbonne.fr/delescluze/ephemerides/carnet2-page013.html	12865
ephemerides/carnet1-page057.html	http://elec.enc.sorbonne.fr/delescluze/ephemerides/carnet1-page057.html	25656
ephemerides/carnet1-page040.html	http://elec.enc.sorbonne.fr/delescluze/ephemerides/carnet1-page040.html	11474
ephemerides/carnet1-page038.html	http://elec.enc.sorbonne.fr/delescluze/ephemerides/carnet1-page038.html	11356
ephemerides/carnet1-page042.html	http://elec.enc.sorbonne.fr/delescluze/ephemerides/carnet1-page042.html	11227
ephemerides/carnet1-page044.html	http://elec.enc.sorbonne.fr/delescluze/ephemerides/carnet1-page044.html	13470
ephemerides/carnet1-page027.html	http://elec.enc.sorbonne.fr/delescluze/ephemerides/carnet1-page027.html	11908
ephemerides/carnet1-page059.html	http://elec.enc.sorbonne.fr/delescluze/ephemerides/carnet1-page059.html	22597
ephemerides/carnet2-page026.html	http://elec.enc.sorbonne.fr/delescluze/ephemerides/carnet2-page026.html	10778
ephemerides/carnet1-page008.html	http://elec.enc.sorbonne.fr/delescluze/ephemerides/carnet1-page008.html	31268
ephemerides/carnet1-page047.html	http://elec.enc.sorbonne.fr/delescluze/ephemerides/carnet1-page047.html	16894
ephemerides/carnet1-page053.html	http://elec.enc.sorbonne.fr/delescluze/ephemerides/carnet1-page053.html	16167
ephemerides/carnet1-page033.html	http://elec.enc.sorbonne.fr/delescluze/ephemerides/carnet1-page033.html	16904
ephemerides/carnet2-page-de-titre.html	http://elec.enc.sorbonne.fr/delescluze/ephemerides/carnet2-page-de-titre.html	9724
ephemerides/carnet1-page073.html	http://elec.enc.sorbonne.fr/delescluze/ephemerides/carnet1-page073.html	15401
ephemerides/carnet2-page035.html	http://elec.enc.sorbonne.fr/delescluze/ephemerides/carnet2-page035.html	20740
lettres/lettre03/page02.html	http://elec.enc.sorbonne.fr/delescluze/lettres/lettre03/page02.html	14391
lettres/lettre08/page02.html	http://elec.enc.sorbonne.fr/delescluze/lettres/lettre08/page02.html	13219
lettres/lettre10/page03.html	http://elec.enc.sorbonne.fr/delescluze/lettres/lettre10/page03.html	14969
lettres/lettre12/page02.html	http://elec.enc.sorbonne.fr/delescluze/lettres/lettre12/page02.html	13464
ephemerides/carnet1-page022.html	http://elec.enc.sorbonne.fr/delescluze/ephemerides/carnet1-page022.html	17757
ephemerides/carnet1-page023.html	http://elec.enc.sorbonne.fr/delescluze/ephemerides/carnet1-page023.html	15729
ephemerides/carnet1-page066.html	http://elec.enc.sorbonne.fr/delescluze/ephemerides/carnet1-page066.html	18660
ephemerides/carnet2-page023.html	http://elec.enc.sorbonne.fr/delescluze/ephemerides/carnet2-page023.html	20979
passages-rediges/passage04/page02.html	http://elec.enc.sorbonne.fr/delescluze/passages-rediges/passage04/page02.html	16145
passages-rediges/passage21/page03.html	http://elec.enc.sorbonne.fr/delescluze/passages-rediges/passage21/page03.html	24974
lettres/lettre02/page04.html	http://elec.enc.sorbonne.fr/delescluze/lettres/lettre02/page04.html	13268
lettres/lettre04/page02.html	http://elec.enc.sorbonne.fr/delescluze/lettres/lettre04/page02.html	17132
lettres/lettre05/page04.html	http://elec.enc.sorbonne.fr/delescluze/lettres/lettre05/page04.html	11702
lettres/lettre06/page03.html	http://elec.enc.sorbonne.fr/delescluze/lettres/lettre06/page03.html	18568
lettres/lettre07/page02.html	http://elec.enc.sorbonne.fr/delescluze/lettres/lettre07/page02.html	10830
lettres/lettre09/page04.html	http://elec.enc.sorbonne.fr/delescluze/lettres/lettre09/page04.html	11395
lettres/lettre10/page02.html	http://elec.enc.sorbonne.fr/delescluze/lettres/lettre10/page02.html	13713
lettres/lettre11/page02.html	http://elec.enc.sorbonne.fr/delescluze/lettres/lettre11/page02.html	13230
lettres/lettre13/page04.html	http://elec.enc.sorbonne.fr/delescluze/lettres/lettre13/page04.html	10350
lettres/lettre06/page02.html	http://elec.enc.sorbonne.fr/delescluze/lettres/lettre06/page02.html	14964
lettres/lettre13/page02.html	http://elec.enc.sorbonne.fr/delescluze/lettres/lettre13/page02.html	12193
ephemerides/carnet2-page022.html	http://elec.enc.sorbonne.fr/delescluze/ephemerides/carnet2-page022.html	17803
lettres/lettre15/page02.html	http://elec.enc.sorbonne.fr/delescluze/lettres/lettre15/page02.html	14532
ephemerides/carnet1-page075.html	http://elec.enc.sorbonne.fr/delescluze/ephemerides/carnet1-page075.html	18023
ephemerides/carnet1-page032.html	http://elec.enc.sorbonne.fr/delescluze/ephemerides/carnet1-page032.html	20278
ephemerides/carnet1-page049.html	http://elec.enc.sorbonne.fr/delescluze/ephemerides/carnet1-page049.html	21406
ephemerides/carnet2-page018.html	http://elec.enc.sorbonne.fr/delescluze/ephemerides/carnet2-page018.html	15266
ephemerides/carnet1-page062.html	http://elec.enc.sorbonne.fr/delescluze/ephemerides/carnet1-page062.html	12118
ephemerides/carnet2-page010.html	http://elec.enc.sorbonne.fr/delescluze/ephemerides/carnet2-page010.html	13352
ephemerides/carnet1-page072.html	http://elec.enc.sorbonne.fr/delescluze/ephemerides/carnet1-page072.html	18256
ephemerides/carnet2-page036.html	http://elec.enc.sorbonne.fr/delescluze/ephemerides/carnet2-page036.html	13402
lettres/lettre02/page03.html	http://elec.enc.sorbonne.fr/delescluze/lettres/lettre02/page03.html	15214
ephemerides/carnet1-page017.html	http://elec.enc.sorbonne.fr/delescluze/ephemerides/carnet1-page017.html	20652
ephemerides/carnet1-page036.html	http://elec.enc.sorbonne.fr/delescluze/ephemerides/carnet1-page036.html	25531
ephemerides/carnet2-page003.html	http://elec.enc.sorbonne.fr/delescluze/ephemerides/carnet2-page003.html	18832
ephemerides/carnet2-page019.html	http://elec.enc.sorbonne.fr/delescluze/ephemerides/carnet2-page019.html	19259
lettres/lettre02/page02.html	http://elec.enc.sorbonne.fr/delescluze/lettres/lettre02/page02.html	14594
lettres/lettre06/page04.html	http://elec.enc.sorbonne.fr/delescluze/lettres/lettre06/page04.html	10706
lettres/lettre09/page02.html	http://elec.enc.sorbonne.fr/delescluze/lettres/lettre09/page02.html	12521
lettres/lettre10/page04.html	http://elec.enc.sorbonne.fr/delescluze/lettres/lettre10/page04.html	12625
ephemerides/carnet2-page039.html	http://elec.enc.sorbonne.fr/delescluze/ephemerides/carnet2-page039.html	10395
passages-rediges/passage39/page03.html	http://elec.enc.sorbonne.fr/delescluze/passages-rediges/passage39/page03.html	17394
ephemerides/carnet1-page021.html	http://elec.enc.sorbonne.fr/delescluze/ephemerides/carnet1-page021.html	16261
passages-rediges/passage03/page02.html	http://elec.enc.sorbonne.fr/delescluze/passages-rediges/passage03/page02.html	20639
passages-rediges/passage03/page04.html	http://elec.enc.sorbonne.fr/delescluze/passages-rediges/passage03/page04.html	22538
ephemerides/carnet1-page014.html	http://elec.enc.sorbonne.fr/delescluze/ephemerides/carnet1-page014.html	13583
passages-rediges/passage02/page04.html	http://elec.enc.sorbonne.fr/delescluze/passages-rediges/passage02/page04.html	19928
ephemerides/carnet2-page014.html	http://elec.enc.sorbonne.fr/delescluze/ephemerides/carnet2-page014.html	12620
passages-rediges/passage29/page02.html	http://elec.enc.sorbonne.fr/delescluze/passages-rediges/passage29/page02.html	16001
lettres/lettre05/page02.html	http://elec.enc.sorbonne.fr/delescluze/lettres/lettre05/page02.html	11925
ephemerides/carnet2-page009.html	http://elec.enc.sorbonne.fr/delescluze/ephemerides/carnet2-page009.html	11038
passages-rediges/passage27/page02.html	http://elec.enc.sorbonne.fr/delescluze/passages-rediges/passage27/page02.html	17364
ephemerides/carnet1-page003.html	http://elec.enc.sorbonne.fr/delescluze/ephemerides/carnet1-page003.html	23864
ephemerides/carnet2-page027.html	http://elec.enc.sorbonne.fr/delescluze/ephemerides/carnet2-page027.html	9017
ephemerides/carnet2-page031.html	http://elec.enc.sorbonne.fr/delescluze/ephemerides/carnet2-page031.html	16991
passages-rediges/passage34/page02.html	http://elec.enc.sorbonne.fr/delescluze/passages-rediges/passage34/page02.html	16107
ephemerides/carnet1-page030.html	http://elec.enc.sorbonne.fr/delescluze/ephemerides/carnet1-page030.html	12906
ephemerides/carnet1-page052.html	http://elec.enc.sorbonne.fr/delescluze/ephemerides/carnet1-page052.html	15389
ephemerides/carnet2-page005.html	http://elec.enc.sorbonne.fr/delescluze/ephemerides/carnet2-page005.html	15220
passages-rediges/passage09/page02.html	http://elec.enc.sorbonne.fr/delescluze/passages-rediges/passage09/page02.html	15856
ephemerides/carnet1-page012.html	http://elec.enc.sorbonne.fr/delescluze/ephemerides/carnet1-page012.html	12844
ephemerides/carnet1-page015.html	http://elec.enc.sorbonne.fr/delescluze/ephemerides/carnet1-page015.html	12116
passages-rediges/passage02/page02.html	http://elec.enc.sorbonne.fr/delescluze/passages-rediges/passage02/page02.html	19210
passages-rediges/passage02/page05.html	http://elec.enc.sorbonne.fr/delescluze/passages-rediges/passage02/page05.html	18488
passages-rediges/passage02/page07.html	http://elec.enc.sorbonne.fr/delescluze/passages-rediges/passage02/page07.html	17326
ephemerides/carnet1-page055.html	http://elec.enc.sorbonne.fr/delescluze/ephemerides/carnet1-page055.html	19554
ephemerides/carnet1-page076.html	http://elec.enc.sorbonne.fr/delescluze/ephemerides/carnet1-page076.html	13020
ephemerides/carnet1-page016.html	http://elec.enc.sorbonne.fr/delescluze/ephemerides/carnet1-page016.html	11494
passages-rediges/passage02/page06.html	http://elec.enc.sorbonne.fr/delescluze/passages-rediges/passage02/page06.html	17920
passages-rediges/passage03/page03.html	http://elec.enc.sorbonne.fr/delescluze/passages-rediges/passage03/page03.html	20654
passages-rediges/passage05/page02.html	http://elec.enc.sorbonne.fr/delescluze/passages-rediges/passage05/page02.html	17002
passages-rediges/passage06/page02.html	http://elec.enc.sorbonne.fr/delescluze/passages-rediges/passage06/page02.html	18236
passages-rediges/passage07/page02.html	http://elec.enc.sorbonne.fr/delescluze/passages-rediges/passage07/page02.html	18707
passages-rediges/passage08/page02.html	http://elec.enc.sorbonne.fr/delescluze/passages-rediges/passage08/page02.html	14987
passages-rediges/passage12/page02.html	http://elec.enc.sorbonne.fr/delescluze/passages-rediges/passage12/page02.html	17822
passages-rediges/passage13/page02.html	http://elec.enc.sorbonne.fr/delescluze/passages-rediges/passage13/page02.html	16279
passages-rediges/passage14/page02.html	http://elec.enc.sorbonne.fr/delescluze/passages-rediges/passage14/page02.html	16964
passages-rediges/passage15/page02.html	http://elec.enc.sorbonne.fr/delescluze/passages-rediges/passage15/page02.html	22254
passages-rediges/passage16/page02.html	http://elec.enc.sorbonne.fr/delescluze/passages-rediges/passage16/page02.html	19292
passages-rediges/passage17/page02.html	http://elec.enc.sorbonne.fr/delescluze/passages-rediges/passage17/page02.html	18562
passages-rediges/passage19/page02.html	http://elec.enc.sorbonne.fr/delescluze/passages-rediges/passage19/page02.html	15977
passages-rediges/passage24/page02.html	http://elec.enc.sorbonne.fr/delescluze/passages-rediges/passage24/page02.html	17593
passages-rediges/passage26/page02.html	http://elec.enc.sorbonne.fr/delescluze/passages-rediges/passage26/page02.html	14494
passages-rediges/passage28/page02.html	http://elec.enc.sorbonne.fr/delescluze/passages-rediges/passage28/page02.html	15445
passages-rediges/passage30/page02.html	http://elec.enc.sorbonne.fr/delescluze/passages-rediges/passage30/page02.html	14011
passages-rediges/passage31/page02.html	http://elec.enc.sorbonne.fr/delescluze/passages-rediges/passage31/page02.html	17168
passages-rediges/passage37/page02.html	http://elec.enc.sorbonne.fr/delescluze/passages-rediges/passage37/page02.html	21974
passages-rediges/passage39/page02.html	http://elec.enc.sorbonne.fr/delescluze/passages-rediges/passage39/page02.html	18034
ephemerides/carnet1-page029.html	http://elec.enc.sorbonne.fr/delescluze/ephemerides/carnet1-page029.html	12284
ephemerides/carnet1-page058.html	http://elec.enc.sorbonne.fr/delescluze/ephemerides/carnet1-page058.html	12252
ephemerides/carnet2-page007.html	http://elec.enc.sorbonne.fr/delescluze/ephemerides/carnet2-page007.html	13388
ephemerides/carnet1-page028.html	http://elec.enc.sorbonne.fr/delescluze/ephemerides/carnet1-page028.html	13539
ephemerides/carnet1-page079.html	http://elec.enc.sorbonne.fr/delescluze/ephemerides/carnet1-page079.html	12170
passages-rediges/passage24/page04.html	http://elec.enc.sorbonne.fr/delescluze/passages-rediges/passage24/page04.html	18516
ephemerides/carnet1-page013.html	http://elec.enc.sorbonne.fr/delescluze/ephemerides/carnet1-page013.html	12045
passages-rediges/passage02/page03.html	http://elec.enc.sorbonne.fr/delescluze/passages-rediges/passage02/page03.html	18450
passages-rediges/passage21/page09.html	http://elec.enc.sorbonne.fr/delescluze/passages-rediges/passage21/page09.html	15585
ephemerides/carnet1-page064.html	http://elec.enc.sorbonne.fr/delescluze/ephemerides/carnet1-page064.html	11096
ephemerides/carnet1-page035.html	http://elec.enc.sorbonne.fr/delescluze/ephemerides/carnet1-page035.html	16764
ephemerides/carnet2-page033.html	http://elec.enc.sorbonne.fr/delescluze/ephemerides/carnet2-page033.html	15013
ephemerides/carnet2-page038.html	http://elec.enc.sorbonne.fr/delescluze/ephemerides/carnet2-page038.html	11110
ephemerides/carnet1-page056.html	http://elec.enc.sorbonne.fr/delescluze/ephemerides/carnet1-page056.html	12972
ephemerides/carnet1-page039.html	http://elec.enc.sorbonne.fr/delescluze/ephemerides/carnet1-page039.html	11556
ephemerides/carnet1-page041.html	http://elec.enc.sorbonne.fr/delescluze/ephemerides/carnet1-page041.html	10858
ephemerides/carnet1-page043.html	http://elec.enc.sorbonne.fr/delescluze/ephemerides/carnet1-page043.html	12354
ephemerides/carnet1-page026.html	http://elec.enc.sorbonne.fr/delescluze/ephemerides/carnet1-page026.html	13965
ephemerides/carnet1-page048.html	http://elec.enc.sorbonne.fr/delescluze/ephemerides/carnet1-page048.html	9875
ephemerides/carnet1-page054.html	http://elec.enc.sorbonne.fr/delescluze/ephemerides/carnet1-page054.html	14404
ephemerides/carnet2-page002.html	http://elec.enc.sorbonne.fr/delescluze/ephemerides/carnet2-page002.html	6440
ephemerides/carnet2-page034.html	http://elec.enc.sorbonne.fr/delescluze/ephemerides/carnet2-page034.html	17848
ephemerides/carnet1-page024.html	http://elec.enc.sorbonne.fr/delescluze/ephemerides/carnet1-page024.html	10518
lettres/lettre05/page03.html	http://elec.enc.sorbonne.fr/delescluze/lettres/lettre05/page03.html	8620
lettres/lettre09/page03.html	http://elec.enc.sorbonne.fr/delescluze/lettres/lettre09/page03.html	8630
lettres/lettre13/page03.html	http://elec.enc.sorbonne.fr/delescluze/lettres/lettre13/page03.html	8602
ephemerides/carnet2-page008.html	http://elec.enc.sorbonne.fr/delescluze/ephemerides/carnet2-page008.html	11259
passages-rediges/passage27/page03.html	http://elec.enc.sorbonne.fr/delescluze/passages-rediges/passage27/page03.html	15124
ephemerides/carnet1-page077.html	http://elec.enc.sorbonne.fr/delescluze/ephemerides/carnet1-page077.html	11232
passages-rediges/passage05/page03.html	http://elec.enc.sorbonne.fr/delescluze/passages-rediges/passage05/page03.html	16486
passages-rediges/passage07/page03.html	http://elec.enc.sorbonne.fr/delescluze/passages-rediges/passage07/page03.html	19320
passages-rediges/passage12/page03.html	http://elec.enc.sorbonne.fr/delescluze/passages-rediges/passage12/page03.html	18034
passages-rediges/passage15/page03.html	http://elec.enc.sorbonne.fr/delescluze/passages-rediges/passage15/page03.html	20512
passages-rediges/passage24/page03.html	http://elec.enc.sorbonne.fr/delescluze/passages-rediges/passage24/page03.html	17556
passages-rediges/passage37/page03.html	http://elec.enc.sorbonne.fr/delescluze/passages-rediges/passage37/page03.html	24347
ephemerides/carnet1-page078.html	http://elec.enc.sorbonne.fr/delescluze/ephemerides/carnet1-page078.html	11195
passages-rediges/passage24/page05.html	http://elec.enc.sorbonne.fr/delescluze/passages-rediges/passage24/page05.html	14778
ephemerides/carnet1-page025.html	http://elec.enc.sorbonne.fr/delescluze/ephemerides/carnet1-page025.html	11847
passages-rediges/passage07/page04.html	http://elec.enc.sorbonne.fr/delescluze/passages-rediges/passage07/page04.html	16286
passages-rediges/passage12/page04.html	http://elec.enc.sorbonne.fr/delescluze/passages-rediges/passage12/page04.html	17949
passages-rediges/passage15/page04.html	http://elec.enc.sorbonne.fr/delescluze/passages-rediges/passage15/page04.html	18168
passages-rediges/passage12/page05.html	http://elec.enc.sorbonne.fr/delescluze/passages-rediges/passage12/page05.html	17351
passages-rediges/passage12/page06.html	http://elec.enc.sorbonne.fr/delescluze/passages-rediges/passage12/page06.html	17717
passages-rediges/passage12/page07.html	http://elec.enc.sorbonne.fr/delescluze/passages-rediges/passage12/page07.html	18805
passages-rediges/passage12/page08.html	http://elec.enc.sorbonne.fr/delescluze/passages-rediges/passage12/page08.html	15720
