url	sourcePage
http://elec.enc.sorbonne.fr/delescluze/introduction/images/image-1.jpg	introduction/partie-4-3.html
http://elec.enc.sorbonne.fr/delescluze/introduction/images/image-2.jpg	introduction/partie-4-3.html
http://elec.enc.sorbonne.fr/delescluze/introduction/images/image-2.jpg	introduction/partie-4-4.html
http://elec.enc.sorbonne.fr/delescluze/introduction/images/image-9.jpg	introduction/partie-4-3.html
http://elec.enc.sorbonne.fr/delescluze/introduction/images/image-10.jpg	introduction/partie-4-3.html
http://elec.enc.sorbonne.fr/delescluze/introduction/images/image-11.jpg	introduction/partie-4-3.html
http://elec.enc.sorbonne.fr/delescluze/introduction/images/image-12-b.jpg	introduction/partie-4-3.html
http://elec.enc.sorbonne.fr/delescluze/introduction/images/image-13-b.jpg	introduction/partie-4-3.html
http://elec.enc.sorbonne.fr/delescluze/introduction/images/image-14.jpg	introduction/partie-4-4.html
http://elec.enc.sorbonne.fr/delescluze/introduction/images/image-3.jpg	introduction/partie-4-4.html
http://elec.enc.sorbonne.fr/delescluze/introduction/images/image-4.jpg	introduction/partie-4-4.html
http://elec.enc.sorbonne.fr/delescluze/introduction/images/image-5.jpg	introduction/partie-4-4.html
http://elec.enc.sorbonne.fr/delescluze/introduction/images/image-15.jpg	introduction/partie-4-4.html
http://elec.enc.sorbonne.fr/delescluze/introduction/images/image-6.jpg	introduction/partie-4-4.html
http://elec.enc.sorbonne.fr/delescluze/introduction/images/image-16.jpg	introduction/partie-4-4.html
http://elec.enc.sorbonne.fr/delescluze/introduction/images/image-7.jpg	introduction/partie-4-4.html
http://elec.enc.sorbonne.fr/delescluze/introduction/images/image-17.jpg	introduction/partie-4-4.html
http://elec.enc.sorbonne.fr/delescluze/introduction/images/image-18.jpg	introduction/partie-4-4.html
http://elec.enc.sorbonne.fr/delescluze/introduction/images/image-19.jpg	introduction/partie-4-4.html
http://elec.enc.sorbonne.fr/delescluze/introduction/images/image-8.jpg	introduction/partie-4-4.html
http://elec.enc.sorbonne.fr/delescluze/introduction/images/image-20.jpg	introduction/partie-4-4.html
http://elec.enc.sorbonne.fr/delescluze/introduction/images/image-21.jpg	introduction/partie-4-4.html
http://elec.enc.sorbonne.fr/delescluze/introduction/images/image-22.jpg	introduction/partie-4-4.html
http://elec.enc.sorbonne.fr/delescluze/introduction/images/image-23.jpg	introduction/partie-4-5.html
http://elec.enc.sorbonne.fr/delescluze/introduction/images/image-24.jpg	introduction/partie-4-5.html
